taskQuestion,correctAnswer,list,condition,sentence,trigger,trigger224,trigger225,trigger226,trigger227,trigger228,trigger229,trigger230,trigger231,word_trigger,trigger224w,trigger225w,trigger226w,trigger227w,trigger228w,trigger229w,trigger230w,trigger231w
,,6,practice,这是 第一句 测试 句子。,0,0,0,0,0,0,0,0,0,0,0,0,0,0,0,0,0,0
这是不是也是一句测试句子？,9,6,practice,这是 另一句 测试 句子。,0,0,0,0,0,0,0,0,0,0,0,0,0,0,0,0,0,0
,,6,practice,重要的是 请 全程 保持 你的 头部 不动。,0,0,0,0,0,0,0,0,0,0,0,0,0,0,0,0,0,0
,,6,practice,同时 请 尽量 不要 在 句子 出现的 过程中 眨眼。,0,0,0,0,0,0,0,0,0,0,0,0,0,0,0,0,0,0
你可不可以在句子出现过程中眨眼？,7,6,practice,你 可以 在 句子 全部 出现后 或 回答 问题 时 眨眼。,0,0,0,0,0,0,0,0,0,0,0,0,0,0,0,0,0,0
,,6,practice,你 应该 尝试 尽可能地 放松。,0,0,0,0,0,0,0,0,0,0,0,0,0,0,0,0,0,0
你可以看向画面两边吗？,7,6,practice,请 将 目光 保持在 画面 中心 的 方框 中。,0,0,0,0,0,0,0,0,0,0,0,0,0,0,0,0,0,0
,,6,practice,尽量 保持 脸部 放松。,0,0,0,0,0,0,0,0,0,0,0,0,0,0,0,0,0,0
,,6,practice,现在 你 可以 向 我们 提出 任何 疑问。,0,0,0,0,0,0,0,0,0,0,0,0,0,0,0,0,0,0
还会有更多的测试句子吗？,7,6,practice,这是 最后 一句 测试 句子。,0,0,0,0,0,0,0,0,0,0,0,0,0,0,0,0,0,0
,,,,break,0,0,0,0,0,0,0,0,0,0,0,0,0,0,0,0,0,0
,,6,incongruent.44,我 一般 不 抽 篮球。,21,0,0,0,1,0,1,0,1,1,0,0,0,0,0,0,0,1
,,6,yesno.74,小吴 想知道 那个 寺庙的 大师 读了 那篇 经文 给 中学的 学生 吗？,129,1,0,0,0,0,0,0,1,1,0,0,0,0,0,0,0,1
,,6,RA.74,那个 销售 买菜 的时候 说 自己 讲了 优惠的 价格。,66,0,1,0,0,0,0,1,0,1,0,0,0,0,0,0,0,1
,,6,insitu.44,雷纳 想知道 那个 别墅的 管家 带了 什么 给 中学的 外教。,132,1,0,0,0,0,1,0,0,1,0,0,0,0,0,0,0,1
医生说自己做了反复的测试吗？,9,6,BVA.29,每个 医生 看病 的时候 都 说 自己 做了 反复的 测试。,68,0,1,0,0,0,1,0,0,1,0,0,0,0,0,0,0,1
,,6,congruent.59,野餐 被 大雨 打断了。,4,0,0,0,0,0,1,0,0,1,0,0,0,0,0,0,0,1
,,6,RA.14,那个 指挥 演出 的时候 说 自己 听了 动听的 音乐。,66,0,1,0,0,0,0,1,0,1,0,0,0,0,0,0,0,1
,,6,thehell.14,凯文 想知道 那个 乐园的 导游 到底 讲了 什么 给 鬼屋的 游客。,130,1,0,0,0,0,0,1,0,1,0,0,0,0,0,0,0,1
凯伦喝了一罐汽水吗？,7,6,incongruent.14,凯伦 喝了 一罐 香水。,20,0,0,0,1,0,1,0,0,1,0,0,0,0,0,0,0,1
,,6,condition3.119,每个 边检 敲章 的时候 都 说 海关官员 问了 相关的 问题。,65,0,1,0,0,0,0,0,1,1,0,0,0,0,0,0,0,1
,,6,insitu.89,老赵 想知道 那个 游艇的 船长 丢了 什么 给 海里的 动物。,132,1,0,0,0,0,1,0,0,1,0,0,0,0,0,0,0,1
新闻记者读了糟糕的稿件吗？,9,6,condition4.44,那个 编辑 改稿 的时候 说 新闻记者 读了 糟糕的 稿件。,72,0,1,0,0,1,0,0,0,1,0,0,0,0,0,0,0,1
,,6,yesno.29,汪姨 想知道 那个 酒店的 前台 丢了 那台 手机 给 汽车的 技师 吗？,129,1,0,0,0,0,0,0,1,1,0,0,0,0,0,0,0,1
院长还在任吗？,7,6,condition3.59,每个 院长 卸任 的时候 都 说 公关部长 做了 大胆的 改革。,65,0,1,0,0,0,0,0,1,1,0,0,0,0,0,0,0,1
,,6,thehell.59,帕特 想知道 那个 片场的 制片 到底 分了 什么 给 会场的 翻译。,130,1,0,0,0,0,0,1,0,1,0,0,0,0,0,0,0,1
,,6,BVA.89,每个 国王 加冕 的时候 都 说 自己 戴了 华美的 王冠。,68,0,1,0,0,0,1,0,0,1,0,0,0,0,0,0,0,1
,,6,congruent.29,他们 在农场里 养 猪。,4,0,0,0,0,0,1,0,0,1,0,0,0,0,0,0,0,1
,,6,condition4.104,那个 政客 选举 的时候 说 政府部门 有了 远大的 计划。,72,0,1,0,0,1,0,0,0,1,0,0,0,0,0,0,0,1
,,,,break,0,0,0,0,0,0,0,0,0,0,0,0,0,0,0,0,0,0
,,6,thehell.53,瑞秋 想知道 那个 军队的 士兵 到底 借了 什么 给 航母的 水手。,130,1,0,0,0,0,0,1,0,1,0,0,0,0,0,0,0,1
宿管巡逻吗？,9,6,condition3.53,每个 宿管 巡逻 的时候 都 说 教导主任 抓了 调皮的 学生。,65,0,1,0,0,0,0,0,1,1,0,0,0,0,0,0,0,1
,,6,yesno.68,珍妮 想知道 那个 冰场的 游客 喂了 那根 肉肠 给 汪远的 小狗 吗？,129,1,0,0,0,0,0,0,1,1,0,0,0,0,0,0,0,1
,,6,BVA.23,每个 前台 面试 的时候 都 说 自己 涂了 亮眼的 口红。,68,0,1,0,0,0,1,0,0,1,0,0,0,0,0,0,0,1
肥料让土地变得贫瘠吗？,7,6,congruent.23,肥料 让 土地 变得 肥沃。,5,0,0,0,0,0,1,0,1,1,0,0,0,0,0,0,0,1
,,6,insitu.83,凯文 想知道 那个 宾馆的 前台 寄了 什么 给 港口的 海关。,132,1,0,0,0,0,1,0,0,1,0,0,0,0,0,0,0,1
,,6,condition4.38,那个 助理 展示 的时候 说 文案策划 讲了 生动的 故事。,72,0,1,0,0,1,0,0,0,1,0,0,0,0,0,0,0,1
,,6,congruent.53,那艘船 轻松的 穿过了 桥洞。,4,0,0,0,0,0,1,0,0,1,0,0,0,0,0,0,0,1
,,6,condition3.113,每个 法务 谈判 的时候 都 说 我方客户 给了 最高的 报价。,65,0,1,0,0,0,0,0,1,1,0,0,0,0,0,0,0,1
,,6,incongruent.38,父亲 用 刀 杀了 一只 梨。,22,0,0,0,1,0,1,1,0,1,0,0,0,0,0,0,0,1
儿子是皇帝的儿子吗？,7,6,thehell.08,麦克 想知道 那个 学生的 朋友 到底 买了 什么 给 教授的 儿子。,130,1,0,0,0,0,0,1,0,1,0,0,0,0,0,0,0,1
,,6,BVA.83,每个 护士 学习 的时候 都 说 自己 背了 全部的 条例。,68,0,1,0,0,0,1,0,0,1,0,0,0,0,0,0,0,1
,,6,yesno.23,李四 想知道 那个 队伍的 教练 发了 那份 战术 给 红队的 队员 吗？,129,1,0,0,0,0,0,0,1,1,0,0,0,0,0,0,0,1
,,6,RA.68,那个 邻居 出门 的时候 说 自己 看了 空荡的 信箱。,66,0,1,0,0,0,0,1,0,1,0,0,0,0,0,0,0,1
,,6,incongruent.08,哈尔 给 她 写了 一封 喷泉。,22,0,0,0,1,0,1,1,0,1,0,0,0,0,0,0,0,1
,,6,insitu.38,乔伊 想知道 那个 游戏的 玩家 拿了 什么 给 电视的 主持。,132,1,0,0,0,0,1,0,0,1,0,0,0,0,0,0,0,1
,,6,condition4.98,那个 小孩 玩耍 的时候 说 邻居哥哥 滑了 很高的 滑梯。,72,0,1,0,0,1,0,0,0,1,0,0,0,0,0,0,0,1
司机出车吗？,9,6,RA.08,那个 司机 出车 的时候 说 自己 织了 保暖的 手套。,66,0,1,0,0,0,0,1,0,1,0,0,0,0,0,0,0,1
,,,,break,0,0,0,0,0,0,0,0,0,0,0,0,0,0,0,0,0,0
导购说营销总监给了最低的价格吗？,9,6,condition3.57,每个 导购 推销 的时候 都 说 营销总监 给了 最低的 价格。,65,0,1,0,0,0,0,0,1,1,0,0,0,0,0,0,0,1
,,6,incongruent.12,我 点了 火腿 和 芝士 和 冥王星。,23,0,0,0,1,0,1,1,1,1,0,0,0,0,0,0,0,1
,,6,RA.72,那个 摊贩 摆摊 的时候 说 自己 定了 合理的 价格。,66,0,1,0,0,0,0,1,0,1,0,0,0,0,0,0,0,1
,,6,congruent.57,那个 运动员 跑了 两公里。,4,0,0,0,0,0,1,0,0,1,0,0,0,0,0,0,0,1
,,6,condition4.42,那个 管家 服务 的时候 说 礼宾人员 做了 详尽的 准备。,72,0,1,0,0,1,0,0,0,1,0,0,0,0,0,0,0,1
警卫是金店的警卫吗？,7,6,yesno.27,阿贝 想知道 那个 机场的 警卫 退了 那个 订单 给 银行的 职员 吗？,129,1,0,0,0,0,0,0,1,1,0,0,0,0,0,0,0,1
,,6,BVA.27,每个 酒保 调酒 的时候 都 说 自己 切了 新鲜的 柠檬。,68,0,1,0,0,0,1,0,0,1,0,0,0,0,0,0,0,1
,,6,incongruent.42,他 寄出了 没有 邮票 的 水瓶。,22,0,0,0,1,0,1,1,0,1,0,0,0,0,0,0,0,1
,,6,thehell.57,布朗 想知道 那个 工程的 质检 到底 还了 什么 给 公交的 司机。,130,1,0,0,0,0,0,1,0,1,0,0,0,0,0,0,0,1
,,6,BVA.87,每个 犯人 入狱 的时候 都 说 自己 犯了 严重的 错误。,68,0,1,0,0,0,1,0,0,1,0,0,0,0,0,0,0,1
,,6,insitu.42,赛琳 想知道 那个 快递的 司机 赔了 什么 给 军队的 长官。,132,1,0,0,0,0,1,0,0,1,0,0,0,0,0,0,0,1
,,6,condition3.117,每个 矿工 干活 的时候 都 说 包工头子 戴了 防毒的 面具。,65,0,1,0,0,0,0,0,1,1,0,0,0,0,0,0,0,1
,,6,insitu.87,塞斯 想知道 那个 温泉的 前台 发了 什么 给 日本的 僧侣。,132,1,0,0,0,0,1,0,0,1,0,0,0,0,0,0,0,1
,,6,RA.12,那个 摄影 拍摄 的时候 说 自己 装了 耐用的 电池。,66,0,1,0,0,0,0,1,0,1,0,0,0,0,0,0,0,1
,,6,yesno.72,乔治 想知道 那个 成都的 教练 讲了 那个 传说 给 遗迹的 专家 吗？,129,1,0,0,0,0,0,0,1,1,0,0,0,0,0,0,0,1
那艘船开向了已知的远方吗？,7,6,congruent.27,那艘船 开往了 未知的 远方。,5,0,0,0,0,0,1,0,1,1,0,0,0,0,0,0,0,1
,,6,condition4.102,那个 诗人 创作 的时候 说 梦中情人 吃了 可口的 点心。,72,0,1,0,0,1,0,0,0,1,0,0,0,0,0,0,0,1
护士是医院的护士吗？,9,6,thehell.12,老许 想知道 那个 医院的 护士 到底 送了 什么 给 牙科的 病人。,130,1,0,0,0,0,0,1,0,1,0,0,0,0,0,0,0,1
,,,,break,0,0,0,0,0,0,0,0,0,0,0,0,0,0,0,0,0,0
,,6,condition3.107,每个 邮差 送信 的时候 都 说 高速警察 开了 全新的 摩托。,65,0,1,0,0,0,0,0,1,1,0,0,0,0,0,0,0,1
,,6,incongruent.02,我 喝咖啡 的时候 会 加 糖 和 袜子。,24,0,0,0,1,1,0,0,0,1,0,0,0,0,0,0,0,1
牧师是学校的牧师吗？,7,6,insitu.32,艾比 想知道 那个 诊所的 大夫 喂了 什么 给 教堂的 牧师。,132,1,0,0,0,0,1,0,0,1,0,0,0,0,0,0,0,1
,,6,condition3.47,每个 主播 下播 的时候 都 说 品牌运营 收了 昂贵的 礼物。,65,0,1,0,0,0,0,0,1,1,0,0,0,0,0,0,0,1
,,6,yesno.17,裘德 想知道 那个 酒庄的 农民 分了 那箱 葡萄 给 酒店的 游客 吗？,129,1,0,0,0,0,0,0,1,1,0,0,0,0,0,0,0,1
,,6,RA.02,那个 厨师 上班 的时候 说 自己 买了 好看的 围裙。,66,0,1,0,0,0,0,1,0,1,0,0,0,0,0,0,0,1
,,6,incongruent.32,晚餐后 他们 洗了 火。,20,0,0,0,1,0,1,0,0,1,0,0,0,0,0,0,0,1
教练说铁路工人举了轻巧的哑铃吗？,7,6,condition4.32,那个 教练 开课 的时候 说 铁路工人 举了 沉重的 哑铃。,72,0,1,0,0,1,0,0,0,1,0,0,0,0,0,0,0,1
,,6,yesno.62,科尔 想知道 那个 花店的 花匠 教了 那个 技巧 给 码头的 保安 吗？,129,1,0,0,0,0,0,0,1,1,0,0,0,0,0,0,0,1
,,6,RA.62,那个 渔夫 捕鱼 的时候 说 自己 撒了 结实的 渔网。,66,0,1,0,0,0,0,1,0,1,0,0,0,0,0,0,0,1
,,6,congruent.47,约翰 给 钢笔 灌了 墨水。,5,0,0,0,0,0,1,0,1,1,0,0,0,0,0,0,0,1
,,6,BVA.77,每个 游客 坐车 的时候 都 说 自己 看了 壮丽的 风景。,68,0,1,0,0,0,1,0,0,1,0,0,0,0,0,0,0,1
,,6,thehell.47,苏珊 想知道 那个 银行的 高管 到底 发了 什么 给 明星的 经纪。,130,1,0,0,0,0,0,1,0,1,0,0,0,0,0,0,0,1
纽约是一座忙碌的城市吗？,9,6,congruent.17,纽约 是 一座 忙碌 的 城市。,6,0,0,0,0,0,1,1,0,1,0,0,0,0,0,0,0,1
,,6,condition4.92,那个 地主 交易 的时候 说 助理会计 做了 提前的 计算。,72,0,1,0,0,1,0,0,0,1,0,0,0,0,0,0,0,1
,,6,thehell.02,玛丽 想知道 那个 公司的 老板 到底 带了 什么 给 小明的 弟弟。,130,1,0,0,0,0,0,1,0,1,0,0,0,0,0,0,0,1
农民说自己打了甘甜的井水吗？,9,6,BVA.17,每个 农民 耕种 的时候 都 说 自己 打了 甘甜的 井水。,68,0,1,0,0,0,1,0,0,1,0,0,0,0,0,0,0,1
,,6,insitu.77,麦克 想知道 那个 山东的 老板 退了 什么 给 舟山的 渔夫。,132,1,0,0,0,0,1,0,0,1,0,0,0,0,0,0,0,1
,,,,break,0,0,0,0,0,0,0,0,0,0,0,0,0,0,0,0,0,0
,,6,condition4.91,那个 财阀 调查 的时候 说 律师团队 有了 制胜的 证据。,72,0,1,0,0,1,0,0,0,1,0,0,0,0,0,0,0,1
,,6,congruent.46,乔安 泡了 给 宝宝 的 奶粉。,6,0,0,0,0,0,1,1,0,1,0,0,0,0,0,0,0,1
,,6,condition3.106,每个 军官 演讲 的时候 都 说 敌方特工 受了 严格的 训练。,65,0,1,0,0,0,0,0,1,1,0,0,0,0,0,0,0,1
,,6,incongruent.01,一只 会下蛋的 鸡 叫做 大象。,21,0,0,0,1,0,1,0,1,1,0,0,0,0,0,0,0,1
店主说财务顾问算的是亏损的价格吗？,7,6,condition4.31,那个 店主 开店 的时候 说 财务顾问 算了 盈利的 价格。,72,0,1,0,0,1,0,0,0,1,0,0,0,0,0,0,0,1
,,6,yesno.16,凯特 想知道 那个 机场的 保洁 读了 那本 童话 给 乘客的 女儿 吗？,129,1,0,0,0,0,0,0,1,1,0,0,0,0,0,0,0,1
,,6,incongruent.31,那个 受害者 在 被抢劫 之后 去了 宇航局。,23,0,0,0,1,0,1,1,1,1,0,0,0,0,0,0,0,1
,,6,thehell.46,大卫 想知道 那个 杂志的 编辑 到底 教了 什么 给 报社的 记者。,130,1,0,0,0,0,0,1,0,1,0,0,0,0,0,0,0,1
,,6,congruent.16,我的 猫 浑身 都是 白色 的 毛发。,7,0,0,0,0,0,1,1,1,1,0,0,0,0,0,0,0,1
学生说自己吃了坏掉的苹果吗？,7,6,RA.01,那个 学生 下课 的时候 说 自己 吃了 好吃的 苹果。,66,0,1,0,0,0,0,1,0,1,0,0,0,0,0,0,0,1
,,6,insitu.76,鲍勃 想知道 那个 面馆的 师傅 带了 什么 给 教堂的 修女。,132,1,0,0,0,0,1,0,0,1,0,0,0,0,0,0,0,1
裁判说边线裁判做了正确的判罚吗？,9,6,condition3.46,每个 裁判 比赛 的时候 都 说 边线裁判 做了 正确的 判罚。,65,0,1,0,0,0,0,0,1,1,0,0,0,0,0,0,0,1
,,6,yesno.61,伊森 想知道 那个 诊所的 专家 退了 那笔 订单 给 海边的 渔夫 吗？,129,1,0,0,0,0,0,0,1,1,0,0,0,0,0,0,0,1
,,6,BVA.16,每个 花匠 训练 的时候 都 说 自己 剪了 无数的 花瓣。,68,0,1,0,0,0,1,0,0,1,0,0,0,0,0,0,0,1
法官有保姆吗？,9,6,insitu.31,朱莉 想知道 那个 法官的 保姆 卖了 什么 给 超市的 收银。,132,1,0,0,0,0,1,0,0,1,0,0,0,0,0,0,0,1
,,6,RA.61,那个 修女 朝拜 的时候 说 自己 走了 很长的 距离。,66,0,1,0,0,0,0,1,0,1,0,0,0,0,0,0,0,1
,,6,thehell.01,约翰 想知道 那个 学校的 员工 到底 寄了 什么 给 小王的 妈妈。,130,1,0,0,0,0,0,1,0,1,0,0,0,0,0,0,0,1
,,6,BVA.76,每个 商人 交易 的时候 都 说 自己 做了 果断的 决策。,68,0,1,0,0,0,1,0,0,1,0,0,0,0,0,0,0,1
,,,,break,0,0,0,0,0,0,0,0,0,0,0,0,0,0,0,0,0,0
和她有一样的名字的是她的狗吗？,7,6,congruent.20,她 和 她的 猫 有着 一样的 名字。,7,0,0,0,0,0,1,1,1,1,0,0,0,0,0,0,0,1
,,6,BVA.80,每个 明星 吃饭 的时候 都 说 自己 挑了 最少的 碳水。,68,0,1,0,0,0,1,0,0,1,0,0,0,0,0,0,0,1
,,6,thehell.50,彼得 想知道 那个 部门的 主任 到底 买了 什么 给 小区的 电工。,130,1,0,0,0,0,0,1,0,1,0,0,0,0,0,0,0,1
,,6,RA.65,那个 策展 布展 的时候 说 自己 做了 全面的 研究。,66,0,1,0,0,0,0,1,0,1,0,0,0,0,0,0,0,1
,,6,yesno.65,达拉 想知道 那个 仓库的 库管 丢了 那串 钥匙 给 广场的 大妈 吗？,129,1,0,0,0,0,0,0,1,1,0,0,0,0,0,0,0,1
,,6,incongruent.05,查理 给 新书 写了 一个 燃油。,22,0,0,0,1,0,1,1,0,1,0,0,0,0,0,0,0,1
,,6,condition4.95,那个 小偷 盗窃 的时候 说 犯罪同伙 翻了 全部的 橱柜。,72,0,1,0,0,1,0,0,0,1,0,0,0,0,0,0,0,1
,,6,insitu.80,小徐 想知道 那个 家电的 导购 赔了 什么 给 香港的 球员。,132,1,0,0,0,0,1,0,0,1,0,0,0,0,0,0,0,1
,,6,condition3.110,每个 出纳 计算 的时候 都 说 风控部门 找了 最新的 数据。,65,0,1,0,0,0,0,0,1,1,0,0,0,0,0,0,0,1
,,6,incongruent.35,凯西 被 所有人 咀嚼。,20,0,0,0,1,0,1,0,0,1,0,0,0,0,0,0,0,1
老板说自己讲了长篇大论吗？,7,6,RA.05,那个 老板 开会 的时候 说 自己 讲了 简单的 几句。,66,0,1,0,0,0,0,1,0,1,0,0,0,0,0,0,0,1
,,6,congruent.50,她 用 胡椒 腌制了 牛排。,5,0,0,0,0,0,1,0,1,1,0,0,0,0,0,0,0,1
,,6,condition4.35,那个 主任 演讲 的时候 说 生产主管 做了 杰出的 贡献。,72,0,1,0,0,1,0,0,0,1,0,0,0,0,0,0,0,1
,,6,yesno.20,老张 想知道 那个 餐车的 厨师 分了 那箱 蔬菜 给 后勤的 学徒 吗？,129,1,0,0,0,0,0,0,1,1,0,0,0,0,0,0,0,1
保洁拖了肮脏的地面吗？,9,6,BVA.20,每个 保洁 开工 的时候 都 说 自己 拖了 肮脏的 地面。,68,0,1,0,0,0,1,0,0,1,0,0,0,0,0,0,0,1
,,6,thehell.05,小王 想知道 那个 酒吧的 酒保 到底 发了 什么 给 商场的 顾客。,130,1,0,0,0,0,0,1,0,1,0,0,0,0,0,0,0,1
音效老师吃了清新的喉糖吗？,9,6,condition3.50,每个 声优 录音 的时候 都 说 音效老师 吃了 清新的 喉糖。,65,0,1,0,0,0,0,0,1,1,0,0,0,0,0,0,0,1
,,6,insitu.35,露西 想知道 那个 导演的 助理 端了 什么 给 乐团的 乐手。,132,1,0,0,0,0,1,0,0,1,0,0,0,0,0,0,0,1
,,,,break,0,0,0,0,0,0,0,0,0,0,0,0,0,0,0,0,0,0
,,6,yesno.66,里奥 想知道 那个 宿舍的 宿管 买了 那面 镜子 给 青旅的 住客 吗？,129,1,0,0,0,0,0,0,1,1,0,0,0,0,0,0,0,1
,,6,BVA.21,每个 工人 下岗 的时候 都 说 自己 存了 极少的 存款。,68,0,1,0,0,0,1,0,0,1,0,0,0,0,0,0,0,1
,,6,insitu.81,老黄 想知道 那个 政府的 官员 提了 什么 给 展览的 策展。,132,1,0,0,0,0,1,0,0,1,0,0,0,0,0,0,0,1
,,6,condition4.96,那个 丈夫 出门 的时候 说 单位同事 带了 新买的 水瓶。,72,0,1,0,0,1,0,0,0,1,0,0,0,0,0,0,0,1
宾客是经理的宾客吗？,7,6,yesno.21,小杨 想知道 那个 大学的 讲师 拿了 那支 钢笔 给 校长的 宾客 吗？,129,1,0,0,0,0,0,0,1,1,0,0,0,0,0,0,0,1
,,6,condition3.111,每个 校长 升旗 的时候 都 说 大队委员 唱了 庄严的 国歌。,65,0,1,0,0,0,0,0,1,1,0,0,0,0,0,0,0,1
花圃有花匠吗？,9,6,insitu.36,尼克 想知道 那个 飞机的 机长 讲了 什么 给 花圃的 花匠。,132,1,0,0,0,0,1,0,0,1,0,0,0,0,0,0,0,1
,,6,BVA.81,每个 大使 来访 的时候 都 说 自己 选了 大气的 礼物。,68,0,1,0,0,0,1,0,0,1,0,0,0,0,0,0,0,1
,,6,congruent.51,秋季 学期 从 秋天 开始。,5,0,0,0,0,0,1,0,1,1,0,0,0,0,0,0,0,1
,,6,condition4.36,那个 水手 出海 的时候 说 船员总管 吻了 深爱的 爱人。,72,0,1,0,0,1,0,0,0,1,0,0,0,0,0,0,0,1
难民是邻国的吗？,9,6,thehell.06,阿信 想知道 那个 歌手的 弟弟 到底 捐了 什么 给 邻国的 难民。,130,1,0,0,0,0,0,1,0,1,0,0,0,0,0,0,0,1
,,6,condition3.51,每个 剪辑 拍照 的时候 都 说 电影导演 看了 有趣的 视频。,65,0,1,0,0,0,0,0,1,1,0,0,0,0,0,0,0,1
,,6,incongruent.36,乔伊 扭伤了 他的 水果。,20,0,0,0,1,0,1,0,0,1,0,0,0,0,0,0,0,1
保安洗了厚重的围巾吗？,7,6,RA.06,那个 保安 执勤 的时候 说 自己 洗了 厚重的 棉袄。,66,0,1,0,0,0,0,1,0,1,0,0,0,0,0,0,0,1
,,6,thehell.51,罗伊 想知道 那个 驾校的 教练 到底 卖了 什么 给 视频的 审核。,130,1,0,0,0,0,0,1,0,1,0,0,0,0,0,0,0,1
,,6,incongruent.06,看电影 的时候 我们 吃了 吸尘器。,21,0,0,0,1,0,1,0,1,1,0,0,0,0,0,0,0,1
,,6,RA.66,那个 安检 检查 的时候 说 自己 搜了 可疑的 包裹。,66,0,1,0,0,0,0,1,0,1,0,0,0,0,0,0,0,1
,,6,congruent.21,香氛 让 车里 充满了 香味。,5,0,0,0,0,0,1,0,1,1,0,0,0,0,0,0,0,1
,,,,break,0,0,0,0,0,0,0,0,0,0,0,0,0,0,0,0,0,0
读者是漫画的读者吗？,7,6,thehell.11,小沈 想知道 那个 书店的 导购 到底 借了 什么 给 小说的 读者。,130,1,0,0,0,0,0,1,0,1,0,0,0,0,0,0,0,1
,,6,condition3.116,每个 掌门 练功 的时候 都 说 首席弟子 吃了 蓝色的 仙丹。,65,0,1,0,0,0,0,0,1,1,0,0,0,0,0,0,0,1
,,6,congruent.26,小黄 穿了 一件 深色的 裙子。,5,0,0,0,0,0,1,0,1,1,0,0,0,0,0,0,0,1
,,6,condition4.101,那个 舞者 跳舞 的时候 说 舞蹈队长 穿了 合脚的 舞鞋。,72,0,1,0,0,1,0,0,0,1,0,0,0,0,0,0,0,1
,,6,yesno.71,玛丽 想知道 那个 上海的 会长 端了 那盘 蔬菜 给 大学的 教授 吗？,129,1,0,0,0,0,0,0,1,1,0,0,0,0,0,0,0,1
,,6,RA.71,那个 船长 指挥 的时候 说 自己 下了 清晰的 命令。,66,0,1,0,0,0,0,1,0,1,0,0,0,0,0,0,0,1
,,6,congruent.56,牛群 在 泥地里 走路。,4,0,0,0,0,0,1,0,0,1,0,0,0,0,0,0,0,1
球童说网球队员穿了轻便的衣服吗？,7,6,condition3.56,每个 球童 捡球 的时候 都 说 篮球队员 穿了 轻便的 衣服。,65,0,1,0,0,0,0,0,1,1,0,0,0,0,0,0,0,1
,,6,incongruent.41,他 解开了 脖子上的 字典。,20,0,0,0,1,0,1,0,0,1,0,0,0,0,0,0,0,1
,,6,BVA.86,每个 歌手 演出 的时候 都 说 自己 喝了 温热的 白水。,68,0,1,0,0,0,1,0,0,1,0,0,0,0,0,0,0,1
,,6,yesno.26,杰瑞 想知道 那个 餐馆的 厨师 教了 那个 菜谱 给 医院的 护士 吗？,129,1,0,0,0,0,0,0,1,1,0,0,0,0,0,0,0,1
,,6,incongruent.11,我 喜欢 咖啡 配 火箭筒。,21,0,0,0,1,0,1,0,1,1,0,0,0,0,0,0,0,1
,,6,thehell.56,菲比 想知道 那个 播客的 声优 到底 讲了 什么 给 城堡的 守卫。,130,1,0,0,0,0,0,1,0,1,0,0,0,0,0,0,0,1
电工说自己做了很多的工作吗？,9,6,BVA.26,每个 电工 回家 的时候 都 说 自己 做了 很多的 工作。,68,0,1,0,0,0,1,0,0,1,0,0,0,0,0,0,0,1
,,6,insitu.86,裘德 想知道 那个 公路的 警察 教了 什么 给 牙医的 助理。,132,1,0,0,0,0,1,0,0,1,0,0,0,0,0,0,0,1
编剧说历史学家用了好用的键盘吗？,9,6,condition4.41,那个 编剧 打字 的时候 说 历史学家 用了 好用的 键盘。,72,0,1,0,0,1,0,0,0,1,0,0,0,0,0,0,0,1
,,6,insitu.41,佩吉 想知道 那个 邮轮的 船员 赔了 什么 给 协会的 会长。,132,1,0,0,0,0,1,0,0,1,0,0,0,0,0,0,0,1
,,6,RA.11,那个 记者 采访 的时候 说 自己 提了 到位的 问题。,66,0,1,0,0,0,0,1,0,1,0,0,0,0,0,0,0,1
,,,,break,0,0,0,0,0,0,0,0,0,0,0,0,0,0,0,0,0,0
顾问说自己画了清晰的图表吗？,9,6,BVA.18,每个 顾问 咨询 的时候 都 说 自己 画了 清晰的 图表。,68,0,1,0,0,0,1,0,0,1,0,0,0,0,0,0,0,1
,,6,congruent.48,约翰 用 扫帚 打扫了 房间。,5,0,0,0,0,0,1,0,1,1,0,0,0,0,0,0,0,1
,,6,condition4.93,那个 公主 换装 的时候 说 服装顾问 买了 可爱的 洋服。,72,0,1,0,0,1,0,0,0,1,0,0,0,0,0,0,0,1
果农是植物园的果农吗？,7,6,yesno.18,塞斯 想知道 那个 果园的 果农 带了 那盒 鸡蛋 给 女婿的 父亲 吗？,129,1,0,0,0,0,0,0,1,1,0,0,0,0,0,0,0,1
,,6,RA.03,那个 员工 吃饭 的时候 说 自己 吃了 美味的 炒面。,66,0,1,0,0,0,0,1,0,1,0,0,0,0,0,0,0,1
,,6,insitu.78,米奇 想知道 那个 浙江的 厨师 教了 什么 给 武汉的 警卫。,132,1,0,0,0,0,1,0,0,1,0,0,0,0,0,0,0,1
,,6,incongruent.33,地球的 公转 围绕着 水星。,20,0,0,0,1,0,1,0,0,1,0,0,0,0,0,0,0,1
酒店有保安吗？,9,6,thehell.03,乔治 想知道 那个 酒店的 保安 到底 退了 什么 给 老家的 商家。,130,1,0,0,0,0,0,1,0,1,0,0,0,0,0,0,0,1
,,6,incongruent.03,训练前 杰克 总是 拉伸 他的 语言。,22,0,0,0,1,0,1,1,0,1,0,0,0,0,0,0,0,1
,,6,condition3.48,每个 教练 训练 的时候 都 说 机构助教 给了 足够的 帮助。,65,0,1,0,0,0,0,0,1,1,0,0,0,0,0,0,0,1
,,6,congruent.18,小王 站上了 洗手间 的 体重秤。,5,0,0,0,0,0,1,0,1,1,0,0,0,0,0,0,0,1
,,6,RA.63,那个 演员 签字 的时候 说 自己 练了 潇洒的 签名。,66,0,1,0,0,0,0,1,0,1,0,0,0,0,0,0,0,1
,,6,thehell.48,丽萨 想知道 那个 化工的 企业 到底 捐了 什么 给 郊区的 工人。,130,1,0,0,0,0,0,1,0,1,0,0,0,0,0,0,0,1
,,6,condition3.108,每个 兽医 诊治 的时候 都 说 外科医生 见了 众多的 病人。,65,0,1,0,0,0,0,0,1,1,0,0,0,0,0,0,0,1
,,6,yesno.63,罗莎 想知道 那个 市场的 托尼 发了 那张 传单 给 警局的 哈维 吗？,129,1,0,0,0,0,0,0,1,1,0,0,0,0,0,0,0,1
,,6,condition4.33,那个 收银 逛街 的时候 说 医护人员 闯了 不少的 红灯。,72,0,1,0,0,1,0,0,0,1,0,0,0,0,0,0,0,1
木匠是学校的木匠吗？,7,6,insitu.33,琳达 想知道 那个 工厂的 木匠 借了 什么 给 外科的 医生。,132,1,0,0,0,0,1,0,0,1,0,0,0,0,0,0,0,1
,,6,BVA.78,每个 美工 作画 的时候 都 说 自己 找了 可靠的 参考。,68,0,1,0,0,0,1,0,0,1,0,0,0,0,0,0,0,1
,,,,break,0,0,0,0,0,0,0,0,0,0,0,0,0,0,0,0,0,0
摩托车会发出很多香味吗？,7,6,incongruent.15,摩托车 会 发出 很多 毛发。,21,0,0,0,1,0,1,0,1,1,0,0,0,0,0,0,0,1
,,6,yesno.30,贝尔 想知道 那个 面包的 师傅 买了 那件 雨衣 给 警局的 侦探 吗？,129,1,0,0,0,0,0,0,1,1,0,0,0,0,0,0,0,1
,,6,RA.75,那个 会长 聚会 的时候 说 自己 喝了 醇厚的 白酒。,66,0,1,0,0,0,0,1,0,1,0,0,0,0,0,0,0,1
,,6,yesno.75,阿秋 想知道 那个 街区的 居民 分了 那袋 猫粮 给 站点的 小猫 吗？,129,1,0,0,0,0,0,0,1,1,0,0,0,0,0,0,0,1
他们昨天去划船了吗？,9,6,congruent.30,他们 昨天 去 划了 船。,5,0,0,0,0,0,1,0,1,1,0,0,0,0,0,0,0,1
,,6,thehell.60,保罗 想知道 那个 球队的 球员 到底 带了 什么 给 学院的 画家。,130,1,0,0,0,0,0,1,0,1,0,0,0,0,0,0,0,1
,,6,condition3.120,每个 机务 检修 的时候 都 说 油车司机 装了 足够的 燃油。,65,0,1,0,0,0,0,0,1,1,0,0,0,0,0,0,0,1
,,6,insitu.90,杰瑞 想知道 那个 医院的 医生 买了 什么 给 公寓的 邻居。,132,1,0,0,0,0,1,0,0,1,0,0,0,0,0,0,0,1
,,6,BVA.30,每个 木匠 做工 的时候 都 说 自己 用了 合适的 工具。,68,0,1,0,0,0,1,0,0,1,0,0,0,0,0,0,0,1
,,6,thehell.15,露丝 想知道 那个 剧场的 导演 到底 还了 什么 给 舞剧的 演员。,130,1,0,0,0,0,0,1,0,1,0,0,0,0,0,0,0,1
,,6,condition4.105,那个 技师 修脚 的时候 说 理发师傅 听了 劲爆的 八卦。,72,0,1,0,0,1,0,0,0,1,0,0,0,0,0,0,0,1
,,6,congruent.60,他们 用 太阳能 加热了 壁炉。,5,0,0,0,0,0,1,0,1,1,0,0,0,0,0,0,0,1
,,6,BVA.90,每个 律师 出庭 的时候 都 说 自己 做了 充分的 准备。,68,0,1,0,0,0,1,0,0,1,0,0,0,0,0,0,0,1
理财顾问买了最差的股票吗？,7,6,condition4.45,那个 高管 炒股 的时候 说 理财顾问 买了 最好的 股票。,72,0,1,0,0,1,0,0,0,1,0,0,0,0,0,0,0,1
,,6,incongruent.45,路上 看见 黑猫 会 带来 拖拉机。,22,0,0,0,1,0,1,1,0,1,0,0,0,0,0,0,0,1
,,6,RA.15,那个 作家 出书 的时候 说 自己 用了 精致的 钢笔。,66,0,1,0,0,0,0,1,0,1,0,0,0,0,0,0,0,1
僧侣祷告了吗？,9,6,condition3.60,每个 僧侣 祷告 的时候 都 说 寺院住持 拜了 庄严的 佛像。,65,0,1,0,0,0,0,0,1,1,0,0,0,0,0,0,0,1
,,6,insitu.45,杰克 想知道 那个 化学的 博士 退了 什么 给 网店的 专员。,132,1,0,0,0,0,1,0,0,1,0,0,0,0,0,0,0,1
,,,,break,0,0,0,0,0,0,0,0,0,0,0,0,0,0,0,0,0,0
,,6,condition3.58,每个 官员 请客 的时候都 说 行政总裁 点了 多汁的 牛排。,65,0,1,0,0,0,0,0,1,1,0,0,0,0,0,0,0,1
,,6,incongruent.43,他 新鞋子的 大小 不潇洒。,20,0,0,0,1,0,1,0,0,1,0,0,0,0,0,0,0,1
保姆打扫了吗？,9,6,BVA.28,每个 保姆 打扫 的时候 都 说 自己 说 了 大量的 问候。,68,0,1,0,0,0,1,0,0,1,0,0,0,0,0,0,0,1
,,6,thehell.13,凯恩 想知道 那个 餐厅的 店员 到底 端了 什么 给 老板的 客人。,130,1,0,0,0,0,0,1,0,1,0,0,0,0,0,0,0,1
,,6,RA.13,那个 导游 带团 的时候 说 自己 看了 未来的 天气。,66,0,1,0,0,0,0,1,0,1,0,0,0,0,0,0,0,1
,,6,condition3.118,每个 队医 巡视 的时候 都 说 跟队护士 带了 干净的 纱布。,65,0,1,0,0,0,0,0,1,1,0,0,0,0,0,0,0,1
,,6,BVA.88,每个 新娘 结婚 的时候 都 说 自己 穿了 美丽的 婚纱。,68,0,1,0,0,0,1,0,0,1,0,0,0,0,0,0,0,1
,,6,insitu.43,米娅 想知道 那个 电影的 编剧 寄了 什么 给 剧院的 舞者。,132,1,0,0,0,0,1,0,0,1,0,0,0,0,0,0,0,1
小男孩喜欢打篮球吗？,7,6,congruent.28,小男孩 喜欢 踢 足球。,4,0,0,0,0,0,1,0,0,1,0,0,0,0,0,0,0,1
,,6,thehell.58,马克 想知道 那个 视频的 剪辑 到底 读了 什么 给 网站的 美工。,130,1,0,0,0,0,0,1,0,1,0,0,0,0,0,0,0,1
,,6,RA.73,那个 大师 开班 的时候 说 自己 收了 好学的 学生。,66,0,1,0,0,0,0,1,0,1,0,0,0,0,0,0,0,1
,,6,yesno.73,老郭 想知道 那个 酒厂的 厂长 还了 那张 名片 给 楼房的 销售 吗？,129,1,0,0,0,0,0,0,1,1,0,0,0,0,0,0,0,1
,,6,condition4.43,那个 博士 读书 的时候 说 指导老师 找了 大量的 文献。,72,0,1,0,0,1,0,0,0,1,0,0,0,0,0,0,0,1
杰克点了汉堡吗？,9,6,incongruent.13,杰克 在餐厅 点了 一份 汉堡 和 一份 电脑。,24,0,0,0,1,1,0,0,0,1,0,0,0,0,0,0,0,1
,,6,insitu.88,卡尔 想知道 那个 剧场的 观众 捐了 什么 给 广州的 孤儿。,132,1,0,0,0,0,1,0,0,1,0,0,0,0,0,0,0,1
,,6,congruent.58,今年的 冬天 十分的 寒冷。,4,0,0,0,0,0,1,0,0,1,0,0,0,0,0,0,0,1
保洁是医院的保洁吗？,7,6,yesno.28,小梁 想知道 那个 公园的 保洁 捐了 那捆 衣服 给 乡村的 学生 吗？,129,1,0,0,0,0,0,0,1,1,0,0,0,0,0,0,0,1
,,6,condition4.103,那个 模特 走秀 的时候 说 封面女郎 穿了 飘逸的 裙子。,72,0,1,0,0,1,0,0,0,1,0,0,0,0,0,0,0,1
,,,,break,0,0,0,0,0,0,0,0,0,0,0,0,0,0,0,0,0,0
主持念词了吗？,9,6,condition4.34,那个 主持 念词 的时候 说 表演指导 用了 深刻的 感情。,72,0,1,0,0,1,0,0,0,1,0,0,0,0,0,0,0,1
,,6,insitu.79,雪莉 想知道 那个 长沙的 导演 寄了 什么 给 重庆的 演员。,132,1,0,0,0,0,1,0,0,1,0,0,0,0,0,0,0,1
妈妈说自己炒了红色的鸡蛋吗？,7,6,RA.04,那个 妈妈 做饭 的时候 说 自己 炒了 金黄的 鸡蛋。,66,0,1,0,0,0,0,1,0,1,0,0,0,0,0,0,0,1
,,6,incongruent.34,布莱恩 在 他的 牛排上 倒了 汽油。,22,0,0,0,1,0,1,1,0,1,0,0,0,0,0,0,0,1
,,6,BVA.19,每个 演员 表演 的时候 都 说 自己 上了 神圣的 舞台。,68,0,1,0,0,0,1,0,0,1,0,0,0,0,0,0,0,1
,,6,thehell.49,丹尼 想知道 那个 网游的 美术 到底 丢了 什么 给 软件的 码农。,130,1,0,0,0,0,0,1,0,1,0,0,0,0,0,0,0,1
,,6,condition3.109,每个 园丁 浇花 的时候 都 说 古董玩家 买了 陶瓷的 水壶。,65,0,1,0,0,0,0,0,1,1,0,0,0,0,0,0,0,1
,,6,BVA.79,每个 司仪 主持 的时候 都 说 自己 找了 最好的 会场。,68,0,1,0,0,0,1,0,0,1,0,0,0,0,0,0,0,1
,,6,thehell.04,老李 想知道 那个 学校的 老师 到底 教了 什么 给 老范的 学生。,130,1,0,0,0,0,0,1,0,1,0,0,0,0,0,0,0,1
,,6,condition4.94,那个 养父 做饭 的时候 说 食堂厨师 学了 全新的 菜谱。,72,0,1,0,0,1,0,0,0,1,0,0,0,0,0,0,0,1
,,6,yesno.19,卡尔 想知道 那个 公司的 顾问 还了 那份 合同 给 员工的 客户 吗？,129,1,0,0,0,0,0,0,1,1,0,0,0,0,0,0,0,1
,,6,congruent.49,她 穿上了 她的 高跟鞋。,4,0,0,0,0,0,1,0,0,1,0,0,0,0,0,0,0,1
,,6,yesno.64,汉娜 想知道 那个 寺院的 小李 捐了 那笔 善款 给 车站的 露娜 吗？,129,1,0,0,0,0,0,0,1,1,0,0,0,0,0,0,0,1
贝蒂永远学不会睡觉吗？,9,6,incongruent.04,贝蒂 永远 学不会 睡觉。,20,0,0,0,1,0,1,0,0,1,0,0,0,0,0,0,0,1
,,6,condition3.49,每个 士兵 打仗 的时候 都 说 特种部队 做了 可怕的 噩梦。,65,0,1,0,0,0,0,0,1,1,0,0,0,0,0,0,0,1
雷伊摔倒后坐在了沙发上吗？,7,6,congruent.19,雷伊 摔倒后 坐在了 地上。,4,0,0,0,0,0,1,0,0,1,0,0,0,0,0,0,0,1
,,6,insitu.34,亚当 想知道 那个 网店的 店主 送了 什么 给 广告的 专家。,132,1,0,0,0,0,1,0,0,1,0,0,0,0,0,0,0,1
,,6,RA.64,那个 球员 输球 的时候 说 自己 差了 些许的 运气。,66,0,1,0,0,0,0,1,0,1,0,0,0,0,0,0,0,1
,,,,break,0,0,0,0,0,0,0,0,0,0,0,0,0,0,0,0,0,0
老师备课了吗？,9,6,RA.10,那个 老师 备课 的时候 说 自己 写了 详尽的 讲义。,66,0,1,0,0,0,0,1,0,1,0,0,0,0,0,0,0,1
,,6,incongruent.10,我 把 我的 名字 加到了 火星上。,23,0,0,0,1,0,1,1,1,1,0,0,0,0,0,0,0,1
,,6,condition3.115,每个 探员 办案 的时候 都 说 主管部门 写了 详实的 报告。,65,0,1,0,0,0,0,0,1,1,0,0,0,0,0,0,0,1
店长是餐厅的店长吗？,7,6,insitu.40,帕克 想知道 那个 超市的 店长 订了 什么 给 小学的 导员。,132,1,0,0,0,0,1,0,0,1,0,0,0,0,0,0,0,1
,,6,congruent.55,那场 讲座 持续了 一个小时。,4,0,0,0,0,0,1,0,0,1,0,0,0,0,0,0,0,1
,,6,RA.70,那个 警察 巡逻 的时候 说 自己 吃了 简单的 晚饭。,66,0,1,0,0,0,0,1,0,1,0,0,0,0,0,0,0,1
,,6,congruent.25,小提琴家 演奏了 神圣的 歌曲。,4,0,0,0,0,0,1,0,0,1,0,0,0,0,0,0,0,1
,,6,condition4.40,那个 船员 登船 的时候 说 跟队记者 吃了 白色的 药片。,72,0,1,0,0,1,0,0,0,1,0,0,0,0,0,0,0,1
,,6,thehell.10,雪莉 想知道 那个 家庭的 邻居 到底 喂了 什么 给 汤姆的 孩子。,130,1,0,0,0,0,0,1,0,1,0,0,0,0,0,0,0,1
翻译说企业顾问记了满满的笔记吗？,9,6,condition3.55,每个 翻译 工作 的时候 都 说 企业顾问 记了 满满的 笔记。,65,0,1,0,0,0,0,0,1,1,0,0,0,0,0,0,0,1
,,6,insitu.85,凯特 想知道 那个 礼物的 主人 退了 什么 给 法国的 学生。,132,1,0,0,0,0,1,0,0,1,0,0,0,0,0,0,0,1
,,6,BVA.25,每个 机长 起飞 的时候 都 说 自己 戴了 炫酷的 墨镜。,68,0,1,0,0,0,1,0,0,1,0,0,0,0,0,0,0,1
,,6,yesno.70,约翰 想知道 那个 苏州的 艾比 送了 那盒 月饼 给 超市的 商人 吗？,129,1,0,0,0,0,0,0,1,1,0,0,0,0,0,0,0,1
,,6,condition4.100,那个 保洁 打扫 的时候 说 隔壁大妈 洗了 红色的 抹布。,72,0,1,0,0,1,0,0,0,1,0,0,0,0,0,0,0,1
店员是咖啡店的店员吗？,7,6,yesno.25,吉米 想知道 那个 花店的 店员 寄了 那瓶 香水 给 学校的 老师 吗？,129,1,0,0,0,0,0,0,1,1,0,0,0,0,0,0,0,1
,,6,incongruent.40,他 从 糖果店 买了 母牛。,21,0,0,0,1,0,1,0,1,1,0,0,0,0,0,0,0,1
,,6,thehell.55,凯伦 想知道 那个 乐队的 指挥 到底 端了 什么 给 剧场的 保安。,130,1,0,0,0,0,0,1,0,1,0,0,0,0,0,0,0,1
,,6,BVA.85,每个 裁缝 缝纫 的时候 都 说 自己 用了 传统的 方法。,68,0,1,0,0,0,1,0,0,1,0,0,0,0,0,0,0,1
,,,,break,0,0,0,0,0,0,0,0,0,0,0,0,0,0,0,0,0,0
工人是在工厂工作的吗？,7,6,yesno.22,张三 想知道 那个 工地的 工人 留了 那盏 台灯 给 老婆的 工头 吗？,129,1,0,0,0,0,0,0,1,1,0,0,0,0,0,0,0,1
,,6,condition4.37,那个 实习 离职 的时候 说 行政专员 写了 真诚的 信件。,72,0,1,0,0,1,0,0,0,1,0,0,0,0,0,0,0,1
,,6,congruent.52,卫生间 的 水龙头 坏了。,4,0,0,0,0,0,1,0,0,1,0,0,0,0,0,0,0,1
,,6,condition3.112,每个 鞋匠 制鞋 的时候 都 说 皮衣工匠 用了 高级的 皮革。,65,0,1,0,0,0,0,0,1,1,0,0,0,0,0,0,0,1
教练是篮球教练吗？,7,6,insitu.37,艾莎 想知道 那个 鱼店的 老板 读了 什么 给 瑜伽的 教练。,132,1,0,0,0,0,1,0,0,1,0,0,0,0,0,0,0,1
,,6,BVA.82,每个 导师 授课 的时候 都 说 自己 写了 细致的 教案。,68,0,1,0,0,0,1,0,0,1,0,0,0,0,0,0,0,1
,,6,incongruent.07,艾米莉 把 麦片 倒在了 天上。,21,0,0,0,1,0,1,0,1,1,0,0,0,0,0,0,0,1
,,6,condition4.97,那个 乘客 出行 的时候 说 地铁司机 戴了 崭新的 口罩。,72,0,1,0,0,1,0,0,0,1,0,0,0,0,0,0,0,1
,,6,thehell.52,菲尔 想知道 那个 电台的 主播 到底 喂了 什么 给 人事的 宠物。,130,1,0,0,0,0,0,1,0,1,0,0,0,0,0,0,0,1
,,6,incongruent.37,每周一 园丁 都 会 打扫 鸡排。,22,0,0,0,1,0,1,1,0,1,0,0,0,0,0,0,0,1
导演说自己选了正确的明星吗？,9,6,BVA.22,每个 导演 演出 的时候 都 说 自己 选了 正确的 明星。,68,0,1,0,0,0,1,0,0,1,0,0,0,0,0,0,0,1
,,6,insitu.82,凯恩 想知道 那个 菜场的 摊贩 配了 什么 给 球场的 球童。,132,1,0,0,0,0,1,0,0,1,0,0,0,0,0,0,0,1
,,6,RA.07,那个 教授 锻炼 的时候 说 自己 穿了 崭新的 卫衣。,66,0,1,0,0,0,0,1,0,1,0,0,0,0,0,0,0,1
粉丝是女主的粉丝吗？,9,6,thehell.07,鲍勃 想知道 那个 电影的 主角 到底 丢了 什么 给 女主的 粉丝。,130,1,0,0,0,0,0,1,0,1,0,0,0,0,0,0,0,1
,,6,condition3.52,每个 专家 宣传 的时候 都 说 项目团队 做了 十足的 准备。,65,0,1,0,0,0,0,0,1,1,0,0,0,0,0,0,0,1
,,6,yesno.67,亨利 想知道 那个 影厅的 小丽 卖了 那只 热狗 给 泳池的 员工 吗？,129,1,0,0,0,0,0,0,1,1,0,0,0,0,0,0,0,1
,,6,RA.67,那个 牙医 手术 的时候 说 自己 做了 彻底的 清洁。,66,0,1,0,0,0,0,1,0,1,0,0,0,0,0,0,0,1
,,6,congruent.22,那个 男孩 帮 小李 洗了 车。,6,0,0,0,0,0,1,1,0,1,0,0,0,0,0,0,0,1
,,,,break,0,0,0,0,0,0,0,0,0,0,0,0,0,0,0,0,0,0
,,6,BVA.24,每个 侦探 开车 的时候 都 说 自己 用了 强劲的 引擎。,68,0,1,0,0,0,1,0,0,1,0,0,0,0,0,0,0,1
,,6,congruent.24,那个 妈妈 喂了 新出生的 小孩。,5,0,0,0,0,0,1,0,1,1,0,0,0,0,0,0,0,1
,,6,insitu.84,露丝 想知道 那个 包厢的 富豪 带了 什么 给 美国的 客户。,132,1,0,0,0,0,1,0,0,1,0,0,0,0,0,0,0,1
,,6,BVA.84,每个 牧师 传教 的时候 都 说 自己 带了 精美的 书籍。,68,0,1,0,0,0,1,0,0,1,0,0,0,0,0,0,0,1
,,6,thehell.54,露娜 想知道 那个 公司的 实习 到底 送了 什么 给 婚礼的 司仪。,130,1,0,0,0,0,0,1,0,1,0,0,0,0,0,0,0,1
玩家说游戏角色杀了重要的敌人吗？,9,6,condition4.39,那个 玩家 体验 的时候 说 游戏角色 杀了 重要的 敌人。,72,0,1,0,0,1,0,0,0,1,0,0,0,0,0,0,0,1
,,6,yesno.69,诺亚 想知道 那个 机房的 老师 借了 那副 墨镜 给 花店的 实习 吗？,129,1,0,0,0,0,0,0,1,1,0,0,0,0,0,0,0,1
,,6,incongruent.39,弗雷德 把 鸡蛋 放上了 水果。,21,0,0,0,1,0,1,0,1,1,0,0,0,0,0,0,0,1
药师是医学院的药师吗？,7,6,yesno.24,王五 想知道 那个 药店的 药师 配了 那个 药方 给 院长的 病人 吗？,129,1,0,0,0,0,0,0,1,1,0,0,0,0,0,0,0,1
,,6,RA.69,那个 观众 入场 的时候 说 自己 读了 冗长的 须知。,66,0,1,0,0,0,0,1,0,1,0,0,0,0,0,0,0,1
,,6,condition3.114,每个 教官 训练 的时候 都 说 部队新兵 吃了 不少的 苦头。,65,0,1,0,0,0,0,0,1,1,0,0,0,0,0,0,0,1
,,6,thehell.09,米奇 想知道 那个 商场的 销售 到底 卖了 什么 给 玛丽的 邻居。,130,1,0,0,0,0,0,1,0,1,0,0,0,0,0,0,0,1
,,6,RA.09,那个 画家 作画 的时候 说 自己 挑了 好用的 颜料。,66,0,1,0,0,0,0,1,0,1,0,0,0,0,0,0,0,1
他买的是一瓶汽水吗？,7,6,incongruent.09,他 给 家里 买了 一块 城堡。,22,0,0,0,1,0,1,1,0,1,0,0,0,0,0,0,0,1
,,6,condition3.54,每个 厂长 上任 的时候 都 说 煤矿工人 听了 中肯的 建议。,65,0,1,0,0,0,0,0,1,1,0,0,0,0,0,0,0,1
,,6,congruent.54,那个 粗心的 吸烟者 在森林里 造成了 一场 大火。,7,0,0,0,0,0,1,1,1,1,0,0,0,0,0,0,0,1
商人是珠宝的商人吗？,9,6,insitu.39,黛西 想知道 那个 珠宝的 商人 留了 什么 给 摄影的 导师。,132,1,0,0,0,0,1,0,0,1,0,0,0,0,0,0,0,1
,,6,condition4.99,那个 网管 上网 的时候 说 电脑黑客 设了 安全的 密码。,72,0,1,0,0,1,0,0,0,1,0,0,0,0,0,0,0,1
